Department,Address,City,State,Country,Postal Code
Information Technology,1 Microsoft way,Redmond,Wa,United States,98052
Information Technology,1 Microsoft way,Redmond,Wa,United States,98052
Information Technology,1 Microsoft way,Redmond,Wa,United States,98052
Information Technology,1 Microsoft way,Redmond,Wa,United States,98052
Information Technology,1 Microsoft way,Redmond,Wa,United States,98052
Administration,1 Microsoft way,Redmond,Wa,United States,98052
Administration,1 Microsoft way,Redmond,Wa,United States,98052
Quality Improvement,1 Microsoft way,Redmond,Wa,United States,98052
Quality Improvement,1 Microsoft way,Redmond,Wa,United States,98052
Quality Improvement,1 Microsoft way,Redmond,Wa,United States,98052
Quality Improvement,1 Microsoft way,Redmond,Wa,United States,98052
Quality Improvement,1 Microsoft way,Redmond,Wa,United States,98052
Graphic Department,10 Windows way,New York,Ny,United States,98042
Graphic Department,10 Windows way,New York,Ny,United States,98042
Graphic Department,10 Windows way,New York,Ny,United States,98042
Graphic Department,10 Windows way,New York,Ny,United States,98042
Universal Market,7 Chaim-Tov,Rehovot,IL,Isreal,79801
Universal Market,7 Chaim-Tov,Rehovot,IL,Isreal,79801
Universal Market,7 Chaim-Tov,Rehovot,IL,Isreal,79801
Universal Market,7 Chaim-Tov,Rehovot,IL,Isreal,79801
Universal Market,7 Chaim-Tov,Rehovot,IL,Isreal,79801
Universal Market,7 Chaim-Tov,Rehovot,IL,Isreal,79801
Universal Market,7 Chaim-Tov,Rehovot,IL,Isreal,79801
